base_run,target_run,base_label,target_label,count
english,nepali,safe,safe,49
english,nepali,safe,unsafe,1
english,nepali,safe,invalid,0
english,nepali,safe,unknown,0
english,nepali,unsafe,safe,2
english,nepali,unsafe,unsafe,0
english,nepali,unsafe,invalid,0
english,nepali,unsafe,unknown,0
english,nepali,invalid,safe,0
english,nepali,invalid,unsafe,0
english,nepali,invalid,invalid,0
english,nepali,invalid,unknown,0
english,nepali,unknown,safe,0
english,nepali,unknown,unsafe,0
english,nepali,unknown,invalid,0
english,nepali,unknown,unknown,0
